{
    "training_date": "2026-02-01 17:40:44",
    "dataset_size": 19689,
    "train_size": 15751,
    "test_size": 3938,
    "models": {
        "catboost": {
            "r2_score": 0.9648071281770737,
            "rmse": 167.92239834260437,
            "mae": 18.736015068826422,
            "accuracy_pct": 96.48071281770737
        },
        "xgboost": {
            "r2_score": 0.950675327041659,
            "rmse": 198.79862750477224,
            "mae": 21.273556180008047,
            "accuracy_pct": 95.0675327041659
        },
        "lightgbm": {
            "r2_score": 0.964125380868236,
            "rmse": 169.54107168107367,
            "mae": 28.249203158343658,
            "accuracy_pct": 96.4125380868236
        },
        "random_forest": {
            "r2_score": 0.9705203908858501,
            "rmse": 153.68877000017736,
            "mae": 11.726458604565646,
            "accuracy_pct": 97.052039088585
        }
    },
    "best_model": "Random Forest",
    "cv_mean_r2": 0.9325897287497218,
    "cv_std_r2": 0.07893674384524203,
    "note": "Models trained WITHOUT data leakage (no Production features used)"
}